Sample_ID,dataset,coding,backend,steps,hidden,delta,sample 14628,sample 48598,sample 16049,sample 7296,sample 35741,sample 41905,sample 48540,sample 6717,sample 58469,sample 48265,sample 44348,sample 18024,sample 1639,sample 9144,rob. 14628,rob. 48598,rob. 16049,rob. 7296,rob. 35741,rob. 41905,rob. 48540,rob. 6717,rob. 58469,rob. 48265,rob. 44348,rob. 18024,rob. 1639,rob. 9144
08140943,fmnist,latency,np,256,512,"delta(1,)",0.09497904777526855,0.15513110160827637,1.9144601821899414,17.807116508483887,18.171464204788208,19.54214596748352,24.884552001953125,25.086137294769287,25.326961755752563,25.649996519088745,26.018290758132935,27.08650016784668,27.432905435562134,27.89071035385132,Not robust,Not robust,Not robust,Robust,Not robust,Robust,Robust,Robust,Robust,Robust,Robust,Robust,Robust,Robust
08141748,mnist,latency,np,64,512,"delta(2,)",734.0310978889465,0.9548897743225098,608.5551431179047,562.203850030899,643.2698438167572,416.33408522605896,655.6434679031372,646.097174167633,1.421231985092163,682.7447445392609,633.0194652080536,658.0036158561707,0.022557973861694336,747.9350533485413,Robust,Not robust,Robust,Robust,Robust,Robust,Robust,Robust,Not robust,Robust,Robust,Robust,Not robust,Robust
08062028,mnist,latency,np,8,20,"delta(1,)",0.16727995872497559,0.17027068138122559,0.16284775733947754,0.1680600643157959,0.05347251892089844,0.0012698173522949219,0.1698291301727295,0.08326411247253418,0.0009291172027587891,0.0010297298431396484,0.0008893013000488281,0.001016378402709961,0.16792845726013184,0.03565549850463867,Not robust,Robust,Robust,Robust,Not robust,Not robust,Robust,Not robust,Not robust,Not robust,Not robust,Not robust,Robust,Not robust
08310125,mnist,latency,milp,5,10,"delta(1,)",0.9247870445251,0.946605682373,0.7964899539948,0.7527945041656,0.9275455474854,1.0358278751373,0.7278261184692,0.8180134296417,0.7896997928619,0.7935924530029,0.9370675086975,0.7352328300476,0.9303081035614,0.8395135402679,Not robust,Robust,Robust,Robust,Not robust,Robust,Robust,Robust,Robust,Robust,Not robust,Robust,Robust,Robust
09010204,fmnist,latency,milp,5,14,"delta(3,)",962.420126914978,1441.9151594638824,3938.001565694809,3296.953881263733,714.1855363845825,3269.751048564911,159.0697102546692,654.5580396652222,276.1695337295532,8425.206961393356,23486.974281072617,186.4487679004669,440.1958088874817,697.0988285541534,Robust,Not robust,Robust,Robust,Robust,Not robust,Robust,Robust,Not robust,Robust,Not robust,Robust,Robust,Not robust
08062234,mnist,baseline,z3,5,10,"delta(3,)",120650.54195451736,72393.75162696838,11629.272849082947,inf,57672.098499298096,12987.697924852371,31738.29368162155,51404.91839051247,13367.376376390457,53172.18969488144,317250.9778499603,10631.104182720184,107037.02420091629,13215.971765995026,Not robust,Not robust,Not robust,Unknown,Not robust,Not robust,Not robust,Not robust,Not robust,Not robust,Unknown,Not robust,Not robust,Not robust
09011524,fmnist,latency,milp,5,16,"delta(1,)",5.7098827362061,11.7341938018799,6.3310191631317,2.4402129650116,15.5904591083527,22.3475012779236,1.9060106277466,10.5335257053375,3.4545269012451,2.8347363471985,2.7940204143524,21.4074416160583,1.8326263427734,4.8792808055878,Robust,Not robust,Not robust,Robust,Not robust,Not robust,Robust,Not robust,Robust,Not robust,Not robust,Robust,Robust,Not robust
10142024,mnist,latency,milp,8,20,"delta(1,)",1.8950674533844,2.6663918495178,1.4554462432861,2.3851940631866,2.5076925754547,1.8303525447845,3.0935041904449,2.5504410266876,1.7966883182526,1.6530845165253,1.8505439758301,1.2959463596344,1.2318091392517,3.4778873920441,Not robust,Robust,Robust,Robust,Not robust,Not robust,Robust,Not robust,Not robust,Not robust,Not robust,Not robust,Robust,Not robust
08310511,mnist,latency,milp,5,12,"delta(1,)",0.9395942687988,0.8105406761169,0.9428689479828,0.9737079143524,0.6944522857666,0.8160665035248,0.97767162323,0.7821769714355,0.923828125,0.900260925293,0.867912530899,0.8134913444519,0.9429359436035,1.0531151294708,Robust,Robust,Robust,Robust,Not robust,Robust,Robust,Not robust,Robust,Not robust,Robust,Robust,Robust,Robust
09121703,mnist,latency,milp,5,20,"delta(2,)",47.4474773406982,63.3769807815552,11.0615525245667,313.3409490585327,634.0843074321747,167.8092064857483,16.7815828323364,26.5516953468323,84.3167560100555,185.6842451095581,32.6877520084381,119.5974214076996,87.2670705318451,446.7443602085114,Robust,Robust,Robust,Not robust,Robust,Robust,Not robust,Robust,Robust,Robust,Robust,Robust,Robust,Robust
08141745,mnist,latency,np,256,512,"delta(1,)",6.142273664474487,4.53187894821167,3.8278236389160156,4.2470691204071045,3.226123332977295,4.146015882492065,4.634396314620972,5.073407888412476,4.195624351501465,6.305975914001465,5.990417718887329,4.0002758502960205,5.053884744644165,6.39180064201355,Robust,Robust,Robust,Robust,Robust,Robust,Robust,Robust,Robust,Robust,Robust,Robust,Robust,Robust
08310136,fmnist,latency,milp,5,10,"delta(2,)",13.7945280075073,10.2848575115204,16.8841862678528,162.0369222164154,47.3491320610046,390.6989653110504,14.0566267967224,14.1511559486389,18.4316565990448,14.6092557907104,451.8140614032745,72.0276634693146,17.8089187145233,11.2130224704742,Not robust,Not robust,Not robust,Robust,Not robust,Not robust,Not robust,Not robust,Not robust,Not robust,Robust,Not robust,Robust,Not robust
10171441,fmnist,latency,milp,7,20,"delta(1,)",44.6393234729767,34.7016153335571,15.6956832408905,6.7461018562317,55.3766238689423,21.2872607707977,8.4546127319336,20.8380856513977,9.3740003108978,17.9921772480011,3.9032490253448,32.133672952652,8.2952194213867,6.5848503112793,Robust,Not robust,Robust,Robust,Robust,Robust,Robust,Not robust,Robust,Robust,Not robust,Robust,Robust,Not robust
10172002,mnist,latency,milp,8,20,"delta(1,)",2.6703896522522,2.8918685913086,1.3725805282593,1.2924544811249,1.244699716568,1.4445993900299,2.2346563339233,1.3050484657288,1.6478223800659,1.4057123661041,1.8250524997711,1.0634799003601,1.0719075202942,1.5081577301025,Robust,Not robust,Robust,Robust,Robust,Robust,Not robust,Robust,Robust,Robust,Robust,Robust,Not robust,Robust
05191224,fmnist,latency,z3,5,14,"delta(1,)",2114.528790950775,11970.396238327026,2270.518176317215,6749.323621749878,1837.025438785553,2568.7823717594147,9267.005158185959,4471.774349927902,874.8167595863342,917.6797111034393,5805.805907487869,9358.174912691116,2209.0341596603394,3459.7565801143646,Robust,Not robust,Robust,Robust,Robust,Not robust,Robust,Robust,Not robust,Robust,Not robust,Robust,Robust,Not robust
08102345,fmnist,latency,z3,5,12,"delta(1,)",3904.614025115967,5515.509943008423,14481.526062011719,1169.7761693000793,6636.8007526397705,9453.569801330566,4688.110558986664,7740.444181919098,10430.926491737366,11134.078305006027,9777.048337697983,1648.3807644844055,6013.685882329941,641.5847008228302,Not robust,Not robust,Robust,Robust,Not robust,Robust,Robust,Robust,Robust,Not robust,Not robust,Robust,Robust,Not robust
08141754,mnist,latency,np,256,512,"delta(2,)",1761.304824590683,1934.541621208191,1413.5244071483612,2021.586134672165,924.830384016037,2649.2209165096283,1853.1911430358887,1411.481734752655,1263.049331665039,1671.162312746048,2174.628734111786,1478.2645659446716,2150.872932910919,1827.5790824890137,Robust,Robust,Robust,Robust,Robust,Robust,Robust,Robust,Robust,Robust,Robust,Robust,Robust,Robust
08101714,fmnist,latency,z3,5,10,"delta(1,)",1162.7448799610138,3535.934538602829,361.20886158943176,1927.9263186454773,2490.0136799812317,398.8631684780121,414.39460039138794,971.0116558074951,4174.550724029541,3448.445853948593,6350.906692504883,390.8951880931854,945.7249140739441,1534.802327156067,Not robust,Not robust,Not robust,Robust,Not robust,Not robust,Not robust,Not robust,Not robust,Not robust,Robust,Not robust,Robust,Not robust
06130909,mnist,latency,z3,5,14,"delta(1,)",11408.873600959778,10998.600091934204,626.0317897796631,6653.267882823944,17905.90248823166,2423.6082780361176,9568.815367221832,2461.0930206775665,1793.4313600063324,842.4744157791138,8312.56975197792,14721.564046621323,10012.264996528625,11285.895562171936,Robust,Robust,Robust,Robust,Robust,Not robust,Robust,Robust,Robust,Robust,Robust,Robust,Robust,Robust
08101935,fmnist,latency,z3,5,16,"delta(1,)",2562.4459884166718,4055.701390981674,849.8244993686676,933.0700807571411,2074.1281831264496,11194.000762939453,3615.6904628276825,930.3904526233673,21068.883383989334,9157.613271474838,13581.151704072952,2260.3914778232574,991.5903992652893,3296.2878365516663,Robust,Not robust,Not robust,Robust,Not robust,Not robust,Robust,Not robust,Robust,Not robust,Not robust,Robust,Robust,Not robust
08151410,fmnist,latency,z3,5,12,"delta(1,)",2973.079622030258,4407.383345127106,11690.402739048004,785.5781579017639,5394.049330711365,7963.884740591049,3625.3015673160553,6217.123692512512,8611.65130329132,9431.235226631165,7951.869264125824,1109.094788312912,4736.084963560104,427.7939805984497,Not robust,Not robust,Robust,Robust,Not robust,Robust,Robust,Robust,Robust,Not robust,Not robust,Robust,Robust,Not robust
08312224,fmnist,latency,milp,5,14,"delta(1,)",7.1867733001709,9.40278673172,2.4518556594849,1.4184613227844,10.0419311523438,4.7523045539856,1.7445108890533,12.2133636474609,3.5749609470367,3.5293619632721,4.2121529579163,12.6992888450623,1.6063840389252,2.1981253623962,Robust,Not robust,Robust,Robust,Robust,Not robust,Robust,Robust,Not robust,Robust,Not robust,Robust,Robust,Not robust
08152154,fmnist,latency,z3,5,12,"delta(1,)",2909.355901479721,3915.0725617408752,10880.842936992645,827.0914585590363,4695.7015726566315,6717.9406452178955,3225.660452604294,5305.767194271088,7340.3871648311615,8353.086696863174,6616.198127746582,1115.6198601722717,4547.979019165039,444.13650703430176,Not robust,Not robust,Robust,Robust,Not robust,Robust,Robust,Robust,Robust,Not robust,Not robust,Robust,Robust,Not robust
08121101,mnist,latency,np,5,18,"delta(1,)",0.17280364036560059,0.16997551918029785,0.1623232364654541,0.17119836807250977,0.1740250587463379,0.1654975414276123,0.1717970371246338,0.1750812530517578,0.16995525360107422,0.17192339897155762,0.16922736167907715,0.16260027885437012,0.16741347312927246,0.17488884925842285,Robust,Robust,Robust,Robust,Robust,Robust,Robust,Robust,Robust,Robust,Robust,Robust,Robust,Robust
06140808,mnist,baseline,z3,5,12,"delta(1,)",inf,inf,inf,inf,inf,inf,inf,inf,33414.3842523098,206303.55846118927,39306.47619867325,59925.54174828529,inf,inf,Unknown,Unknown,Unknown,Unknown,Unknown,Unknown,Unknown,Unknown,Not robust,Not robust,Not robust,Not robust,Unknown,Unknown
08101432,fmnist,baseline,z3,5,18,"delta(1,)",inf,inf,inf,inf,inf,inf,67853.07255530357,inf,inf,inf,inf,inf,inf,inf,Unknown,Unknown,Unknown,Unknown,Unknown,Unknown,Not robust,Unknown,Unknown,Unknown,Unknown,Unknown,Unknown,Unknown
10142024,mnist,latency,milp,6,20,"delta(1,)",2.4427812099457,2.2702555656433,1.4345767498016,2.533376455307,1.9942944049835,1.5887567996979,1.3543257713318,2.8986856937408,2.2832894325256,2.0222294330597,3.6991968154907,1.0472304821014,1.0941264629364,2.8404366970062,Robust,Robust,Not robust,Not robust,Robust,Robust,Not robust,Robust,Robust,Robust,Robust,Robust,Robust,Robust
08062027,mnist,latency,np,6,20,"delta(1,)",0.1891169548034668,0.18449664115905762,0.047209978103637695,0.1735677719116211,0.18131327629089355,0.1752920150756836,0.0012288093566894531,0.18396949768066406,0.18381023406982422,0.18260645866394043,0.18068838119506836,0.17412877082824707,0.18024921417236328,0.18654274940490723,Robust,Robust,Not robust,Not robust,Robust,Robust,Not robust,Robust,Robust,Robust,Robust,Robust,Robust,Robust
09130953,fmnist,latency,milp,5,20,"delta(3,)",468.5586762428284,20245.602943897247,34.5861177444458,1319.6623895168304,16.5801868438721,541.7586009502411,1159.4461905956268,96.7612504959106,14976.518582105637,34.6365196704865,607.3646430969238,88.0020432472229,3554.8028206825256,66.4785397052765,Robust,Not robust,Not robust,Robust,Not robust,Not robust,Robust,Not robust,Not robust,Not robust,Not robust,Not robust,Robust,Not robust
10172033,mnist,latency,milp,8,20,"delta(1,)",1.8148396015167,2.5099465847015,1.4111680984497,1.5937314033508,1.5523128509521,1.5745544433594,1.9982228279114,1.5750229358673,1.8038194179535,2.2510144710541,1.6283960342407,1.3902218341827,1.0049614906311,1.6031875610352,Not robust,Robust,Robust,Not robust,Robust,Robust,Not robust,Robust,Not robust,Robust,Not robust,Not robust,Robust,Robust
08310519,fmnist,latency,milp,5,12,"delta(2,)",34.2585480213165,32.8762822151184,70.5380506515503,25.9059205055237,50.1321280002594,699.2110376358032,45.1463289260864,488.9306225776672,403.9894762039185,54.6149411201477,152.7544004917145,46.392326593399,49.9547481536865,12.995760679245,Not robust,Not robust,Robust,Robust,Not robust,Robust,Robust,Robust,Not robust,Not robust,Not robust,Robust,Not robust,Not robust
08121100,mnist,latency,np,5,10,"delta(1,)",0.15442800521850586,0.1619858741760254,0.15898799896240234,0.16036629676818848,0.06798505783081055,0.15781188011169434,0.1671593189239502,0.16263723373413086,0.16322731971740723,0.16132473945617676,0.046356916427612305,0.15638375282287598,0.16197586059570312,0.16511964797973633,Not robust,Robust,Robust,Robust,Not robust,Robust,Robust,Robust,Robust,Robust,Not robust,Robust,Robust,Robust
01171806,mnist,latency,np-psm,5,10,"delta(3,)",0.011944055557250977,1244.7990713119507,4340.778005123138,3541.4029943943024,0.002936840057373047,4633.216657161713,5988.653279304504,3545.192991733551,5621.938546657562,21.98630428314209,0.019987821578979492,1.388395071029663,23561.637204408646,4844.46897149086,Not robust,Not robust,Robust,Robust,Not robust,Robust,Robust,Robust,Robust,Not robust,Not robust,Not robust,Robust,Robust
06112105,mnist,latency,z3,6,20,"delta(1,)",61120.55174160004,69875.74303841591,54301.78794646263,47231.35930943489,1130.064101934433,41306.52957367897,19894.506866693497,1738.5825939178467,14702.105452537537,36460.11576485634,41983.160975933075,49556.13501596451,49716.84789943695,49005.118562459946,Robust,Robust,Not robust,Not robust,Robust,Robust,Not robust,Robust,Robust,Robust,Robust,Robust,Robust,Robust
10171441,fmnist,latency,milp,8,20,"delta(1,)",19.3898954391479,9.6604065895081,27.252418756485,4.7273042201996,27.1489870548248,29.7132475376129,16.2195620536804,16.6718037128448,4.1848566532135,13.0471851825714,7.8623757362366,53.8979403972626,9.1763257980347,10.3992629051208,Not robust,Not robust,Robust,Robust,Not robust,Robust,Robust,Robust,Not robust,Not robust,Not robust,Robust,Robust,Not robust
08121101,mnist,latency,np,5,14,"delta(1,)",0.1718616485595703,0.16877269744873047,0.16378521919250488,0.16830897331237793,0.16847872734069824,0.03883647918701172,0.17186832427978516,0.1690213680267334,0.17052459716796875,0.17364144325256348,0.16943907737731934,0.1639573574066162,0.16441631317138672,0.173445463180542,Robust,Robust,Robust,Robust,Robust,Not robust,Robust,Robust,Robust,Robust,Robust,Robust,Robust,Robust
08141000,mnist,latency,np,6,20,"delta(1,)",0.1789546012878418,0.1748497486114502,0.038953542709350586,0.1626894474029541,0.17081570625305176,0.1722278594970703,0.0013229846954345703,0.17389774322509766,0.17625093460083008,0.17499494552612305,0.17187070846557617,0.16881752014160156,0.1721031665802002,0.17533612251281738,Robust,Robust,Not robust,Not robust,Robust,Robust,Not robust,Robust,Robust,Robust,Robust,Robust,Robust,Robust
10031859,mnist,latency,milp,8,20,"delta(1,)",2.0332758426666,2.8813092708588,1.5616261959076,2.5474481582642,2.6557235717773,1.9515900611877,3.2778062820435,2.7371051311493,1.869701385498,1.7566294670105,1.9583113193512,1.3577179908752,1.3108344078064,3.695494890213,Not robust,Robust,Robust,Robust,Not robust,Not robust,Robust,Not robust,Not robust,Not robust,Not robust,Not robust,Robust,Not robust
08121047,fmnist,latency,np,5,12,"delta(1,)",0.0009617805480957031,0.0011358261108398438,0.16788911819458008,0.16720366477966309,0.0011320114135742188,0.20650172233581543,0.15767383575439453,0.23545455932617188,0.18619441986083984,0.0009818077087402344,0.0009899139404296875,0.21355843544006348,0.16557574272155762,0.0009038448333740234,Not robust,Not robust,Robust,Robust,Not robust,Robust,Robust,Robust,Robust,Not robust,Not robust,Robust,Robust,Not robust
06111956,mnist,latency,z3,5,10,"delta(4,)",2218.3507504463196,6280.516055822372,inf,inf,2278.3132264614105,21960.979460000992,inf,145350.89845728874,inf,5714.5209975242615,1919.2093834877014,4317.944260835648,inf,inf,Not robust,Not robust,Unknown,Unknown,Not robust,Not robust,Unknown,Not robust,Unknown,Not robust,Not robust,Not robust,Unknown,Unknown
08062246,mnist,baseline,np,5,10,"delta(1,)",0.0712118148803711,0.06260085105895996,0.05688595771789551,0.050441741943359375,0.05193829536437988,0.05296492576599121,0.055591583251953125,0.05218911170959473,0.05263924598693848,0.05333518981933594,0.05041313171386719,0.0517115592956543,0.052350521087646484,0.07999944686889648,Not robust,Not robust,Not robust,Not robust,Not robust,Not robust,Not robust,Not robust,Not robust,Not robust,Not robust,Not robust,Not robust,Not robust
10172008,mnist,latency,milp,6,20,"delta(1,)",2.4467272758484,2.2758696079254,1.4350979328156,2.5600438117981,1.8861937522888,1.6406786441803,1.3879942893982,2.8507664203644,2.2415912151337,1.9939663410187,3.723831653595,1.0498807430267,1.0995140075684,2.8467862606049,Robust,Robust,Not robust,Not robust,Robust,Robust,Not robust,Robust,Robust,Robust,Robust,Robust,Robust,Robust
08122111,mnist,latency,np,5,10,"delta(4,)",0.305316686630249,31093.763587474823,inf,inf,0.4827401638031006,inf,inf,inf,inf,48653.13111138344,0.3473012447357178,34.4234094619751,inf,inf,Not robust,Not robust,Unknown,Unknown,Not robust,Unknown,Unknown,Unknown,Unknown,Not robust,Not robust,Not robust,Unknown,Unknown
08151402,fmnist,latency,z3,6,20,"delta(1,)",19857.69002890587,32207.80183982849,47964.69644904137,40398.397564172745,45445.04090976715,44169.27703499794,inf,33068.245111227036,inf,56247.92509460449,50496.538764476776,59097.162437438965,41899.92596125603,41304.93442082405,Robust,Not robust,Robust,Robust,Not robust,Robust,Unknown,Not robust,Unknown,Robust,Not robust,Robust,Robust,Robust
08151410,fmnist,latency,z3,5,10,"delta(1,)",965.231787443161,3181.074537754059,321.2699222564697,1611.1358807086945,2082.8047111034393,335.8556251525879,337.951819896698,775.9271605014801,3602.8568313121796,3044.3956933021545,5907.2126042842865,326.5473220348358,788.8584227561951,1219.5513911247253,Not robust,Not robust,Not robust,Robust,Not robust,Not robust,Not robust,Not robust,Not robust,Not robust,Robust,Not robust,Robust,Not robust
06101421,mnist,latency,z3,5,10,"delta(1,)",514.7946925163269,628.1932528018951,740.2499949932098,1449.8179202079773,353.45235681533813,424.51445150375366,269.0824830532074,296.73604798316956,304.7737512588501,283.1667935848236,527.2507057189941,384.8977644443512,913.5617201328278,666.2413246631622,Robust,Robust,Robust,Not robust,Not robust,Not robust,Not robust,Not robust,Not robust,Not robust,Robust,Not robust,Robust,Robust
09011603,fmnist,latency,milp,5,16,"delta(2,)",170.7484309673309,166.438529253006,118.8064205646515,346.0210981369019,302.244236946106,252.9458491802216,56.1375465393066,30.5029952526093,172.1356666088104,14.5717606544495,66.6783275604248,139.1330480575562,46.2769694328308,39.1917057037354,Robust,Not robust,Not robust,Robust,Not robust,Not robust,Robust,Not robust,Robust,Not robust,Not robust,Robust,Robust,Not robust
08070837,mnist,baseline,np,5,10,"delta(4,)",0.04829072952270508,inf,0.04964709281921387,0.04814457893371582,0.048316001892089844,0.05054020881652832,0.04802846908569336,0.051711320877075195,0.047946929931640625,0.051323652267456055,0.04826974868774414,0.04824995994567871,0.04826617240905762,0.04796147346496582,Not robust,Unknown,Not robust,Not robust,Not robust,Not robust,Not robust,Not robust,Not robust,Not robust,Not robust,Not robust,Not robust,Not robust
06112138,mnist,latency,z3,8,20,"delta(1,)",234097.9278137684,198575.36838650703,221977.0690331459,297643.7434387207,2670.389451980591,193282.2648396492,217348.6743311882,186266.49232172966,240337.15549635887,219987.97037672997,208757.41231799126,230314.6924176216,232867.51865243912,213761.03112506866,Not robust,Robust,Robust,Robust,Not robust,Not robust,Robust,Not robust,Not robust,Not robust,Not robust,Not robust,Robust,Not robust
08121102,mnist,latency,np,5,20,"delta(1,)",0.1733858585357666,0.17005372047424316,0.16199326515197754,0.0012574195861816406,0.1686081886291504,0.16358304023742676,0.0014085769653320312,0.1704106330871582,0.17151784896850586,0.16878151893615723,0.16980743408203125,0.16329479217529297,0.17220044136047363,0.17435693740844727,Robust,Robust,Robust,Not robust,Robust,Robust,Not robust,Robust,Robust,Robust,Robust,Robust,Robust,Robust
08101717,fmnist,latency,z3,5,20,"delta(1,)",1098.6977429389954,4981.2661011219025,7526.40420126915,11900.813237428665,3535.024398088455,8679.42958688736,10483.460325956345,2818.065037727356,21195.944921016693,16495.669715881348,13921.922885417938,8902.786499738693,15360.428498029709,5425.28848028183,Not robust,Not robust,Robust,Robust,Not robust,Not robust,Robust,Not robust,Robust,Not robust,Not robust,Not robust,Not robust,Not robust
09121701,fmnist,latency,milp,5,20,"delta(1,)",11.8494095802307,21.3699469566345,20.7201733589172,4.0016024112701,6.7126433849335,15.1939675807953,1.9902453422546,16.6319954395294,4.6748433113098,1.3681170940399,4.5286219120026,24.4297919273376,2.6029677391052,9.569935798645,Robust,Not robust,Robust,Robust,Not robust,Not robust,Robust,Not robust,Not robust,Not robust,Not robust,Not robust,Robust,Not robust
10031859,mnist,latency,milp,5,20,"delta(1,)",1.6592185497284,1.4220614433289,1.0694599151611,1.3666713237762,1.1644175052643,1.183641910553,1.3019955158234,1.8352105617523,1.9297027587891,1.1042692661285,1.9907417297363,1.04802942276,1.3618092536926,2.5702874660492,Robust,Robust,Robust,Not robust,Robust,Robust,Not robust,Robust,Robust,Robust,Robust,Robust,Robust,Robust
10172034,mnist,latency,milp,8,20,"delta(1,)",1.7994310855865,2.5040884017944,1.4281814098358,1.5824763774872,1.5593485832214,1.5743610858917,1.9929690361023,1.5688076019287,1.78258228302,2.2653722763062,1.6134059429169,1.4031352996826,1.0076432228088,1.6028606891632,Not robust,Robust,Robust,Not robust,Robust,Robust,Not robust,Robust,Not robust,Robust,Not robust,Not robust,Robust,Robust
08101434,fmnist,baseline,z3,5,16,"delta(1,)",inf,inf,inf,inf,inf,inf,inf,inf,inf,inf,inf,inf,inf,inf,Unknown,Unknown,Unknown,Unknown,Unknown,Unknown,Unknown,Unknown,Unknown,Unknown,Unknown,Unknown,Unknown,Unknown
08062011,mnist,latency,np,5,10,"delta(2,)",0.14497971534729004,62.40949320793152,59.06539034843445,61.912970304489136,0.0647420883178711,58.81716585159302,64.69295573234558,63.30988144874573,63.26714539527893,63.343690395355225,0.045896053314208984,22.44591188430786,62.10114145278931,65.86033511161804,Not robust,Robust,Robust,Robust,Not robust,Robust,Robust,Robust,Robust,Robust,Not robust,Not robust,Robust,Robust
08101434,fmnist,baseline,z3,5,14,"delta(1,)",155898.501704216,155898.03987026215,155898.22235250473,155897.34283733368,155897.66295719147,155898.5564713478,155898.74228096008,143387.6068291664,155899.61094856262,155898.66368675232,78899.74777579308,53312.71670913696,155898.35092687607,155898.8019528389,Unknown,Unknown,Unknown,Unknown,Unknown,Unknown,Unknown,Not robust,Unknown,Unknown,Not robust,Not robust,Unknown,Unknown
08121048,fmnist,latency,np,5,16,"delta(1,)",0.18071341514587402,0.0011334419250488281,0.0012276172637939453,0.16811609268188477,0.021901369094848633,0.0012989044189453125,0.15842103958129883,0.001026153564453125,0.18642640113830566,0.0002987384796142578,0.00030112266540527344,0.21350646018981934,0.1646406650543213,0.04864978790283203,Robust,Not robust,Not robust,Robust,Not robust,Not robust,Robust,Not robust,Robust,Not robust,Not robust,Robust,Robust,Not robust
09021836,mnist,latency,milp,5,18,"delta(2,)",6.7996702194214,91.803234577179,3.7614049911499,1.6741859912872,1.9971332550049,2.0974209308624,31.6698944568634,1.7742938995361,27.5674712657928,4.0061702728271,48.1259217262268,1.7132053375244,1.6458284854889,13.3607883453369,Robust,Robust,Robust,Robust,Robust,Robust,Robust,Robust,Robust,Robust,Robust,Robust,Robust,Robust
06112138,mnist,latency,z3,7,20,"delta(1,)",85500.81674098969,154175.55861997604,3382.829911708832,2257.905080795288,82754.58339953423,125497.3926475048,101916.49704480171,2320.530957221985,97934.17921185493,1556.2013895511627,99398.52333259583,1280.5411584377289,103566.9389936924,109012.86845397949,Robust,Robust,Robust,Robust,Robust,Robust,Not robust,Robust,Robust,Robust,Robust,Robust,Robust,Robust
08101743,fmnist,latency,z3,5,18,"delta(1,)",6665.932472229004,13885.889690637589,4063.0337285995483,20446.002481222153,4582.599516153336,4418.849822759628,1530.8855803012848,12057.573659420013,11371.364549398422,17235.624932527542,16368.625868082047,9496.999463558197,1709.910888671875,14145.846279382706,Not robust,Not robust,Robust,Robust,Not robust,Not robust,Robust,Robust,Robust,Not robust,Not robust,Robust,Robust,Not robust
08102020,fmnist,latency,z3,5,14,"delta(1,)",951.0936064720154,4342.322612524033,1402.889286994934,1198.45862865448,2096.317800283432,3263.7273709774017,3472.3133029937744,814.2367327213287,2001.2491838932037,635.3500123023987,1055.2314803600311,2830.7780158519745,951.8843703269958,779.9006798267365,Not robust,Not robust,Robust,Robust,Not robust,Not robust,Robust,Not robust,Robust,Not robust,Not robust,Robust,Robust,Not robust
09021924,mnist,latency,milp,5,18,"delta(3,)",176.2528812885284,1367.569729566574,8.7225384712219,7.2734975814819,13.8224518299103,11.9494082927704,3864.2737267017365,4.507963180542,2177.2374856472015,1294.5804920196533,15573.08195924759,2.6139152050018,8.3828999996185,118.0810475349426,Robust,Robust,Robust,Robust,Robust,Robust,Robust,Robust,Robust,Robust,Robust,Robust,Robust,Robust
08062233,mnist,baseline,z3,5,10,"delta(2,)",11120.08134508133,10501.023930311203,88886.11268091202,8807.286089897156,48448.57055640221,15386.71511054039,12406.208112955093,317268.8529539108,52923.626405239105,317268.9353861809,317267.32434272766,15094.465673208237,61458.83651351929,15674.61508011818,Not robust,Not robust,Not robust,Not robust,Not robust,Not robust,Not robust,Unknown,Not robust,Unknown,Unknown,Not robust,Not robust,Not robust
08151404,fmnist,latency,z3,6,20,"delta(1,)",20074.595274686813,32890.01021718979,47932.52471256256,40646.67355108261,45768.601823329926,41757.79878568649,inf,33164.73327422142,79415.37621855736,56856.551163196564,52006.993883132935,60298.48691892624,43382.575367450714,42378.6149687767,Robust,Not robust,Robust,Robust,Not robust,Robust,Unknown,Not robust,Robust,Robust,Not robust,Robust,Robust,Robust
08121047,fmnist,latency,np,5,10,"delta(1,)",0.0010156631469726562,0.001203775405883789,0.0009822845458984375,0.16927075386047363,0.0002968311309814453,0.0012111663818359375,0.00030517578125,0.0003027915954589844,0.017997264862060547,0.00030040740966796875,0.21590280532836914,0.0010380744934082031,0.16814327239990234,0.022756338119506836,Not robust,Not robust,Not robust,Robust,Not robust,Not robust,Not robust,Not robust,Not robust,Not robust,Robust,Not robust,Robust,Not robust
09011524,mnist,latency,milp,5,16,"delta(1,)",0.9801561832428,1.0089979171753,0.8064465522766,0.9310829639435,1.4177041053772,1.0389719009399,0.9868655204773,1.3843104839325,0.887894153595,1.2845830917358,1.2507772445679,1.0658195018768,0.893883228302,1.737576007843,Robust,Robust,Robust,Robust,Robust,Robust,Robust,Robust,Robust,Robust,Robust,Not robust,Not robust,Robust
01171754,mnist,latency,np-psm,64,512,"delta(2,)",642.1944358348846,0.11098694801330566,27.46612524986267,708.9294326305389,524.7436692714691,536.6575071811676,552.6753106117249,576.4801468849182,0.19625306129455566,500.0592999458313,472.98040318489075,584.86146068573,0.0033044815063476562,701.6751024723053,Robust,Not robust,Robust,Robust,Robust,Robust,Robust,Robust,Not robust,Robust,Robust,Robust,Not robust,Robust
08062246,mnist,baseline,np,5,10,"delta(2,)",0.05676627159118652,10980.224207639694,0.0507044792175293,0.049616336822509766,0.05381417274475098,0.05057406425476074,0.05566835403442383,0.053432464599609375,0.053824424743652344,0.05087542533874512,0.051049232482910156,0.05858159065246582,0.05857133865356445,11090.91235089302,Not robust,Not robust,Not robust,Not robust,Not robust,Not robust,Not robust,Not robust,Not robust,Not robust,Not robust,Not robust,Not robust,Not robust
01190137,mnist,latency,np,5,10,"delta(3,)",inf,inf,inf,89.78577089309692,inf,121.14723515510559,inf,inf,inf,inf,inf,inf,inf,inf,Unknown,Unknown,Unknown,Robust,Unknown,Robust,Unknown,Unknown,Unknown,Unknown,Unknown,Unknown,Unknown,Unknown
08141325,mnist,latency,np,256,128,"delta(2,)",527.2116885185242,558.6110408306122,412.01195764541626,0.02280402183532715,588.2616729736328,557.8467829227448,668.9298446178436,485.14613127708435,971.4626770019531,677.0363051891327,571.80615067482,0.020518779754638672,1.4097650051116943,663.6988575458527,Robust,Robust,Robust,Not robust,Robust,Robust,Robust,Robust,Robust,Robust,Robust,Not robust,Not robust,Robust
08121116,fmnist,latency,np,6,20,"delta(1,)",0.23105573654174805,0.001306772232055664,0.18978166580200195,0.1790473461151123,0.02454829216003418,0.2156693935394287,0.16986322402954102,0.021973371505737305,0.19955039024353027,0.1816418170928955,0.0013892650604248047,0.22799921035766602,0.17642951011657715,0.20865869522094727,Robust,Not robust,Robust,Robust,Not robust,Robust,Robust,Not robust,Robust,Robust,Not robust,Robust,Robust,Robust
08120947,fmnist,latency,z3,6,20,"delta(1,)",43727.710050821304,48245.87286520004,73413.71081757545,150448.2520904541,156479.23848438263,63218.32276749611,273764.03997182846,49457.361026763916,161271.1618525982,84079.98502707481,164695.545866251,92120.85688972473,155864.2715563774,61367.72954893112,Robust,Not robust,Robust,Robust,Not robust,Robust,Unknown,Not robust,Robust,Robust,Not robust,Robust,Robust,Robust
06081404,mnist,latency,z3,5,10,"delta(1,)",652.7370882034302,2126.8513860702515,527.9707722663879,3123.826802253723,951.5184869766235,1980.3784368038177,414.49846172332764,2591.549480676651,3663.326294183731,1593.6043045520782,4066.3289132118225,483.36153268814087,1478.8990321159363,856.6591460704803,Robust,Robust,Robust,Not robust,Not robust,Not robust,Not robust,Not robust,Not robust,Not robust,Robust,Not robust,Robust,Robust
06130832,mnist,latency,z3,5,18,"delta(1,)",19170.22443151474,27472.90863752365,1995.2758646011353,15593.888526439667,20309.59046649933,16719.945815086365,13604.41549372673,15854.11887717247,21478.569695472717,2039.6017076969147,15786.595116615295,20946.935128211975,14407.472804069519,17478.34956598282,Not robust,Robust,Robust,Robust,Robust,Robust,Not robust,Robust,Robust,Robust,Robust,Robust,Not robust,Robust
08141748,mnist,latency,np,192,512,"delta(2,)",1094.4199624061584,1671.9769809246063,905.3732571601868,1570.3192439079285,864.0870110988617,1411.0847988128662,1057.4698150157928,704.7759773731232,1006.2697522640228,601.4252116680145,1102.5110819339752,1247.467221736908,1664.152860403061,1034.124259710312,Robust,Robust,Robust,Robust,Robust,Robust,Robust,Robust,Robust,Robust,Robust,Robust,Robust,Robust
07250940,mnist,latency,z3,5,10,"delta(4,)",2161.488296508789,5903.543951034546,inf,inf,2247.094859600067,19869.121153354645,inf,130134.14851498604,inf,5471.024781942368,1931.7837069034576,4237.689148187637,inf,inf,Not robust,Not robust,Unknown,Unknown,Not robust,Not robust,Unknown,Not robust,Unknown,Not robust,Not robust,Not robust,Unknown,Unknown
06111957,mnist,latency,z3,5,10,"delta(5,)",6801.254206895828,89695.37516760826,inf,inf,2431.547955274582,8345.547437429428,inf,23570.164660453796,inf,11213.68507552147,2085.879352092743,4208.866369962692,400494.58943605423,inf,Not robust,Not robust,Unknown,Unknown,Not robust,Not robust,Unknown,Not robust,Unknown,Not robust,Not robust,Not robust,Not robust,Unknown
08061740,mnist,latency,z3,5,10,"delta(1,)",1138.8183465003967,4065.8975191116333,569.6123008728027,1856.1871745586395,1860.6944935321808,554.6441488265991,3711.032392978668,3869.0879878997803,2193.8506560325623,1510.6979913711548,1850.3253872394562,4009.7104127407074,5217.495877027512,1710.917860031128,Not robust,Robust,Robust,Robust,Not robust,Robust,Robust,Robust,Robust,Robust,Not robust,Robust,Robust,Robust
08141745,mnist,latency,np,128,512,"delta(1,)",2.900418758392334,2.578967571258545,2.798325300216675,3.170018434524536,1.6384344100952148,6.019921064376831,0.0021822452545166016,3.7631876468658447,2.134169340133667,3.186615228652954,3.121558666229248,2.382359266281128,3.586287260055542,2.548656702041626,Robust,Robust,Robust,Robust,Robust,Robust,Not robust,Robust,Robust,Robust,Robust,Robust,Robust,Robust
08101445,fmnist,baseline,z3,5,12,"delta(1,)",155191.49994444847,155190.40626454353,155191.08751130104,155191.8622391224,155190.82417201996,7178.758893966675,155192.17699718475,155192.8584229946,155191.43740653992,155191.7568295002,155191.6753475666,155191.82294511795,155192.11536574364,23053.968351840973,Unknown,Unknown,Unknown,Unknown,Unknown,Not robust,Unknown,Unknown,Unknown,Unknown,Unknown,Unknown,Unknown,Not robust
08061731,mnist,latency,np,5,10,"delta(1,)",0.046233415603637695,0.2580382823944092,0.25466346740722656,0.2561633586883545,0.028837203979492188,0.2580392360687256,0.2555716037750244,0.2558608055114746,0.2597231864929199,0.26101231575012207,0.04265618324279785,0.25628066062927246,0.25646042823791504,0.2562122344970703,Not robust,Robust,Robust,Robust,Not robust,Robust,Robust,Robust,Robust,Robust,Not robust,Robust,Robust,Robust
08312225,mnist,latency,milp,5,14,"delta(2,)",38.1328299045563,18.5762112140656,20.4214839935303,37.786376953125,231.0335512161255,274.9136343002319,25.8292243480682,160.0656769275665,40.9360151290894,109.8433375358582,194.1023833751678,12.0595982074738,239.1978883743286,17.7851891517639,Robust,Robust,Robust,Robust,Robust,Not robust,Robust,Not robust,Robust,Robust,Robust,Robust,Robust,Not robust
07250940,mnist,latency,z3,5,10,"delta(5,)",6395.521973371506,82173.16643834114,inf,inf,2298.7429378032684,7890.310813903809,inf,21928.542044878006,inf,10324.889397859573,1966.9364144802094,4063.387681245804,316157.10114717484,inf,Not robust,Not robust,Unknown,Unknown,Not robust,Not robust,Unknown,Not robust,Unknown,Not robust,Not robust,Not robust,Not robust,Unknown
08310304,fmnist,latency,milp,5,10,"delta(3,)",59.7667999267578,238.4331543445587,1208.8803217411041,319.7160985469818,211.4829597473145,165.0323536396027,297.9752478599548,148.9970970153809,178.725382566452,608.53537940979,3164.812042951584,840.0361075401306,59.3272228240967,92.3254408836365,Not robust,Not robust,Not robust,Robust,Not robust,Not robust,Not robust,Not robust,Not robust,Not robust,Not robust,Not robust,Robust,Not robust
06101421,mnist,latency,z3,5,10,"delta(3,)",inf,inf,inf,1481.5068950653076,414.16301345825195,411.61810660362244,230.97829484939575,545.6975541114807,300.91784858703613,378.19454979896545,inf,358.54694724082947,111220.96082782745,inf,Unknown,Unknown,Unknown,Not robust,Not robust,Not robust,Not robust,Not robust,Not robust,Not robust,Unknown,Not robust,Robust,Unknown
08062240,mnist,baseline,np,5,10,"delta(3,)",0.060880184173583984,inf,0.06300687789916992,0.04955148696899414,0.05876469612121582,0.04955554008483887,0.0559999942779541,0.05438232421875,0.05356788635253906,0.05399799346923828,0.05260586738586426,0.04922747611999512,0.056249141693115234,inf,Not robust,Unknown,Not robust,Not robust,Not robust,Not robust,Not robust,Not robust,Not robust,Not robust,Not robust,Not robust,Not robust,Unknown
08111330,fmnist,baseline,z3,8,20,"delta(1,)",inf,inf,inf,inf,inf,inf,inf,inf,inf,inf,inf,inf,inf,inf,Unknown,Unknown,Unknown,Unknown,Unknown,Unknown,Unknown,Unknown,Unknown,Unknown,Unknown,Unknown,Unknown,Unknown
10031859,mnist,latency,milp,6,20,"delta(1,)",2.6205914020538,2.4690704345703,1.5446696281433,2.7179641723633,2.0246760845184,1.7462029457092,1.4393043518066,3.0604424476624,2.4026575088501,2.1457893848419,3.9906878471375,1.121710062027,1.182333946228,3.063027381897,Robust,Robust,Not robust,Not robust,Robust,Robust,Not robust,Robust,Robust,Robust,Robust,Robust,Robust,Robust
08120948,fmnist,latency,z3,7,20,"delta(1,)",94254.28005766869,70679.58411669731,73466.8152794838,125133.45913219452,110147.11531352997,182152.80252313614,96700.66741490364,92953.21239829063,162068.18230342865,142274.27985215187,180173.89358854294,123131.11827468872,61051.70935463905,192708.68629837036,Robust,Not robust,Robust,Robust,Robust,Robust,Robust,Not robust,Robust,Robust,Not robust,Robust,Robust,Not robust
08311313,fmnist,latency,milp,5,12,"delta(3,)",316.7122106552124,1891.7775101661682,2193.548301935196,1238.960104227066,1211.1060948371887,4128.8357973098755,239.5679919719696,2361.3526587486267,11110.223348140717,340.466216802597,3246.9060118198395,182.3267514705658,3429.9070880413055,1085.493596315384,Not robust,Not robust,Robust,Robust,Not robust,Not robust,Robust,Robust,Not robust,Not robust,Not robust,Robust,Not robust,Not robust
08101433,fmnist,baseline,z3,5,10,"delta(1,)",inf,inf,inf,inf,inf,97165.48069000244,inf,inf,inf,inf,inf,inf,inf,inf,Unknown,Unknown,Unknown,Unknown,Unknown,Not robust,Unknown,Unknown,Unknown,Unknown,Unknown,Unknown,Unknown,Unknown
08310127,mnist,latency,milp,5,10,"delta(2,)",6.6193614006042,66.5727727413177,15.8337082862854,61.1720902919769,16.0345785617828,80.6714193820953,83.1425688266754,8.3856062889099,16.847519159317,16.7923290729523,13.2980058193207,19.300389289856,36.7750387191772,28.7651815414429,Not robust,Robust,Robust,Robust,Not robust,Robust,Robust,Robust,Robust,Robust,Not robust,Not robust,Robust,Robust
09021834,fmnist,latency,milp,5,18,"delta(1,)",10.0481557846069,13.4119379520416,4.3911468982697,5.090802192688,8.9463984966278,14.4840121269226,4.972736120224,23.1338613033295,5.7853949069977,3.1848690509796,4.0051784515381,15.1918272972107,3.4571261405945,6.8480081558228,Not robust,Not robust,Robust,Robust,Not robust,Not robust,Robust,Robust,Robust,Not robust,Not robust,Robust,Robust,Not robust
09011635,mnist,latency,milp,5,16,"delta(3,)",209.0009911060333,67.2549395561218,1325.7554376125336,926.1261260509491,1026.602888584137,385.1883199214935,59.3789165019989,510.6560714244843,121.353447675705,9765.094447612762,5745.840224981308,13636.3879840374,4876.8886687755585,1527.4758698940277,Robust,Robust,Robust,Robust,Robust,Robust,Robust,Not robust,Robust,Not robust,Robust,Not robust,Not robust,Robust
10171441,fmnist,latency,milp,6,20,"delta(1,)",19.1261625289917,4.0380885601044,8.0336697101593,3.0230386257172,20.3679227828979,24.2127103805542,4.0327603816986,39.1959793567657,6.8871479034424,6.9766271114349,3.1782307624817,16.7616221904755,4.3458104133606,10.7165038585663,Robust,Not robust,Robust,Robust,Not robust,Robust,Robust,Not robust,Robust,Robust,Not robust,Robust,Robust,Robust
08312249,fmnist,latency,milp,5,14,"delta(2,)",34.1416454315186,243.8991055488586,65.6187074184418,34.4654982089996,41.5975787639618,301.6099028587341,69.3526763916016,61.6398606300354,13.560923576355,120.1966526508331,154.657345533371,51.8320026397705,23.7533476352692,30.5758593082428,Robust,Not robust,Robust,Robust,Robust,Not robust,Robust,Robust,Not robust,Robust,Not robust,Robust,Robust,Not robust
08121116,fmnist,latency,np,7,20,"delta(1,)",0.24151849746704102,0.15592718124389648,0.2159748077392578,0.18511748313903809,0.24305176734924316,0.23734068870544434,0.18407344818115234,0.08880329132080078,0.20133018493652344,0.20496201515197754,0.000997781753540039,0.23950982093811035,0.18918490409851074,0.0012640953063964844,Robust,Not robust,Robust,Robust,Robust,Robust,Robust,Not robust,Robust,Robust,Not robust,Robust,Robust,Not robust
06101421,mnist,latency,z3,5,10,"delta(2,)",5642.698382139206,8372.068056344986,7288.353092432022,1446.3479099273682,399.6523377895355,435.5970928668976,226.51907801628113,259.0241026878357,286.75709438323975,286.1974220275879,11372.000418186188,344.1871657371521,2534.176812648773,3866.6794776916504,Robust,Robust,Robust,Not robust,Not robust,Not robust,Not robust,Not robust,Not robust,Not robust,Robust,Not robust,Robust,Robust
09121741,fmnist,latency,milp,5,20,"delta(2,)",68.4547204971313,322.3686237335205,1458.792486667633,384.6710052490234,14.7040712833405,192.4887230396271,64.9345824718475,46.3328104019165,799.7604796886444,15.1928541660309,114.3038554191589,239.4971435070038,33.3102955818176,15.4637246131897,Robust,Not robust,Robust,Robust,Not robust,Not robust,Robust,Not robust,Not robust,Not robust,Not robust,Not robust,Robust,Not robust
08062234,mnist,baseline,z3,5,10,"delta(4,)",12388.995782852173,7605.346572637558,317245.2702870369,90592.78835439682,12409.092709302902,16533.808475255966,138840.512362957,16694.83391070366,317245.5295650959,108144.28205657005,317247.52128243446,4792.206533193588,18937.92895436287,18165.19677734375,Not robust,Not robust,Unknown,Not robust,Not robust,Not robust,Not robust,Not robust,Unknown,Not robust,Unknown,Not robust,Not robust,Not robust
10142024,mnist,latency,milp,5,20,"delta(1,)",1.5305840969086,1.3340256214142,0.997332572937,1.2795627117157,1.0914385318756,1.1253397464752,1.2300717830658,1.6995632648468,1.8503484725952,1.0354030132294,1.8341863155365,0.9868540763855,1.2760701179504,2.3908569812775,Robust,Robust,Robust,Not robust,Robust,Robust,Not robust,Robust,Robust,Robust,Robust,Robust,Robust,Robust
06131451,mnist,baseline,z3,5,18,"delta(1,)",inf,inf,inf,97665.12985110283,inf,inf,inf,inf,inf,25006.26227927208,inf,inf,inf,inf,Unknown,Unknown,Unknown,Not robust,Unknown,Unknown,Unknown,Unknown,Unknown,Not robust,Unknown,Unknown,Unknown,Unknown
06112104,mnist,latency,z3,5,20,"delta(1,)",22672.438860177994,2325.0809502601624,24489.46478819847,2998.619579553604,18769.652549743652,15324.90985584259,17956.199605226517,24903.36334180832,24525.586050510406,16764.502267837524,16276.944894313812,19489.299103975296,16149.906563043594,9642.988301992416,Robust,Robust,Robust,Not robust,Robust,Robust,Not robust,Robust,Robust,Robust,Robust,Robust,Robust,Robust
08141330,mnist,latency,np,256,256,"delta(1,)",8.382282257080078,7.560038089752197,6.6778178215026855,6.8222105503082275,2.6967480182647705,6.046837568283081,5.547939300537109,8.352044820785522,4.723552465438843,4.882854223251343,7.309305429458618,6.20722770690918,7.85736346244812,6.906611442565918,Robust,Robust,Robust,Robust,Robust,Robust,Robust,Robust,Robust,Robust,Robust,Robust,Robust,Robust
08312223,mnist,latency,milp,5,14,"delta(1,)",0.9123809337616,0.9407248497009,0.8074479103088,0.9444317817688,0.8857183456421,1.0515968799591,1.1479156017303,0.8748254776001,0.9787242412567,0.8086724281311,0.8646671772003,0.7336719036102,0.8823852539062,1.0894169807434,Robust,Robust,Robust,Robust,Robust,Not robust,Robust,Robust,Robust,Robust,Robust,Robust,Robust,Robust
08151440,fmnist,latency,z3,5,18,"delta(1,)",6424.5474808216095,12539.979388952255,4032.649107694626,17794.906744003296,4591.208624362946,4356.30698633194,1466.2812988758087,10848.554824352264,10122.597422122955,15469.662318468094,14265.57799077034,8361.094922304153,1685.526172876358,12698.326908826828,Not robust,Not robust,Robust,Robust,Not robust,Not robust,Robust,Robust,Robust,Not robust,Not robust,Robust,Robust,Not robust
06140407,mnist,baseline,z3,5,14,"delta(1,)",inf,inf,inf,238749.3025712967,inf,inf,inf,101526.20957016945,inf,inf,inf,inf,inf,inf,Unknown,Unknown,Unknown,Not robust,Unknown,Unknown,Unknown,Not robust,Unknown,Unknown,Unknown,Unknown,Unknown,Unknown
08121101,mnist,latency,np,5,16,"delta(1,)",0.17229986190795898,0.1672370433807373,0.16152119636535645,0.16727662086486816,0.1657552719116211,0.16165852546691895,0.17066574096679688,0.16828012466430664,0.16554808616638184,0.17031455039978027,0.16900229454040527,0.15334558486938477,0.04369854927062988,0.1727886199951172,Robust,Robust,Robust,Robust,Robust,Robust,Robust,Robust,Robust,Robust,Robust,Not robust,Not robust,Robust
06131254,mnist,latency,z3,5,12,"delta(1,)",5886.94051527977,6143.887605428696,643.2035660743713,6686.753954172134,862.5468022823334,763.1671812534332,8779.764187812805,8672.428435564041,7176.568667650223,7965.905085802078,4142.972671985626,7213.990332603455,1533.1126637458801,7821.533565759659,Robust,Robust,Robust,Robust,Not robust,Robust,Robust,Not robust,Robust,Not robust,Robust,Robust,Robust,Robust
08141001,mnist,latency,np,7,20,"delta(1,)",0.17479753494262695,0.17152953147888184,0.16362667083740234,0.17936348915100098,0.1728980541229248,0.16567087173461914,0.0015251636505126953,0.17090582847595215,0.17636799812316895,0.17039775848388672,0.1699972152709961,0.16571807861328125,0.1701064109802246,0.17407512664794922,Robust,Robust,Robust,Robust,Robust,Robust,Not robust,Robust,Robust,Robust,Robust,Robust,Robust,Robust
08141308,mnist,latency,np,256,128,"delta(1,)",9.306504487991333,10.627402067184448,9.922086954116821,0.06342434883117676,10.461837530136108,9.27490782737732,10.273320436477661,5.864824295043945,6.777706623077393,10.72916316986084,9.877638578414917,0.10459423065185547,10.605650424957275,10.32741117477417,Robust,Robust,Robust,Not robust,Robust,Robust,Robust,Robust,Robust,Robust,Robust,Not robust,Not robust,Robust
08062027,mnist,latency,np,5,20,"delta(1,)",0.16588258743286133,0.16411757469177246,0.15833687782287598,0.0011181831359863281,0.1637411117553711,0.15832996368408203,0.0010509490966796875,0.16096258163452148,0.1628272533416748,0.16424298286437988,0.16347002983093262,0.16039705276489258,0.16363000869750977,0.1675128936767578,Robust,Robust,Robust,Not robust,Robust,Robust,Not robust,Robust,Robust,Robust,Robust,Robust,Robust,Robust
08312311,mnist,latency,milp,5,14,"delta(3,)",10.9637665748596,28.031177520752,30.957177400589,1498.8854591846466,19.1692855358124,4995.436406612396,211.7752344608307,94.3306231498718,367.1096649169922,1523.8422207832336,40.273140668869,520.3062460422516,981.3945963382721,62.2986817359924,Robust,Robust,Robust,Not robust,Robust,Not robust,Robust,Not robust,Robust,Robust,Robust,Robust,Robust,Not robust
08252136,mnist,latency,milp,5,10,"delta(1,)",0.9994151592255,1.0165474414825,0.8548355102539,0.8144202232361,0.9974563121796,1.0981361865997,0.7849259376526,0.8675591945648,0.851175069809,0.8236091136932,0.8871352672577,0.7957699298859,0.9996004104614,0.8756461143494,Not robust,Robust,Robust,Robust,Not robust,Robust,Robust,Robust,Robust,Robust,Not robust,Robust,Robust,Robust
01190142,mnist,latency,np,5,10,"delta(1,)",0.014028310775756836,0.01954793930053711,0.01740717887878418,0.010146141052246094,0.013278961181640625,0.016003847122192383,0.02136063575744629,0.009393692016601562,0.021360158920288086,0.016182899475097656,0.020273923873901367,0.011459827423095703,0.01205897331237793,0.016248464584350586,Robust,Robust,Robust,Robust,Robust,Robust,Robust,Robust,Robust,Robust,Robust,Robust,Robust,Robust
08310126,fmnist,latency,milp,5,10,"delta(1,)",3.2235083580017,3.9058275222778,1.4313077926636,1.3293015956879,3.5810401439667,6.0246620178223,1.8126118183136,8.3035876750946,1.9251866340637,1.298526763916,1.4807629585266,6.1010935306549,1.69211602211,3.4470641613007,Not robust,Not robust,Not robust,Robust,Not robust,Not robust,Not robust,Not robust,Not robust,Not robust,Robust,Not robust,Robust,Not robust
08062016,mnist,latency,np,5,10,"delta(3,)",0.14676952362060547,15571.416389465332,16051.613481998444,17661.501077651978,0.06551051139831543,16426.14466547966,18777.53659439087,17861.680643081665,18036.326184511185,13511.146605730057,0.04666399955749512,22.343690395355225,17363.64887714386,19245.917645215988,Not robust,Not robust,Robust,Robust,Not robust,Robust,Robust,Robust,Robust,Not robust,Not robust,Not robust,Robust,Robust
08141748,mnist,latency,np,128,512,"delta(2,)",1067.2768216133118,1240.4439067840576,933.6689331531525,1253.773913383484,435.36905550956726,1003.0396072864532,0.002170085906982422,626.7466728687286,475.17645621299744,746.9666168689728,594.3145470619202,1044.1420040130615,1279.9879145622253,887.9762287139893,Robust,Robust,Robust,Robust,Robust,Robust,Not robust,Robust,Robust,Robust,Robust,Robust,Robust,Robust
07250940,mnist,latency,z3,5,10,"delta(3,)",5555.338739871979,322653.88460850716,324105.44619750977,58883.45246195793,2374.586758852005,199309.6823132038,641906.1910538673,inf,696269.2723805904,6447.1669182777405,1830.244859457016,4358.133223295212,312577.70807528496,293310.36869478226,Not robust,Not robust,Robust,Robust,Not robust,Robust,Robust,Unknown,Robust,Not robust,Not robust,Not robust,Robust,Robust
08141745,mnist,latency,np,192,512,"delta(1,)",3.23406982421875,3.3069162368774414,3.988546133041382,2.7107136249542236,1.9014911651611328,2.700996160507202,3.3557660579681396,3.083904504776001,3.054974317550659,2.9680655002593994,3.492945671081543,4.226362705230713,4.106200933456421,3.304630994796753,Robust,Robust,Robust,Robust,Robust,Robust,Robust,Robust,Robust,Robust,Robust,Robust,Robust,Robust
10031859,mnist,latency,milp,7,20,"delta(1,)",4.3560087680817,4.7917501926422,1.4024882316589,2.678005695343,2.5434401035309,2.4401702880859,2.162050485611,5.6503715515137,2.3035402297974,2.8382081985474,3.1098494529724,3.9222025871277,1.2107110023499,3.4190766811371,Robust,Robust,Robust,Robust,Robust,Robust,Not robust,Robust,Robust,Robust,Robust,Robust,Robust,Robust
08062028,mnist,latency,np,7,20,"delta(1,)",0.17316150665283203,0.17106914520263672,0.1591510772705078,0.16468405723571777,0.16614937782287598,0.16379237174987793,0.0011277198791503906,0.16655778884887695,0.1656510829925537,0.16662216186523438,0.16260075569152832,0.15988588333129883,0.16380691528320312,0.16964316368103027,Robust,Robust,Robust,Robust,Robust,Robust,Not robust,Robust,Robust,Robust,Robust,Robust,Robust,Robust
01190141,mnist,latency,np,5,10,"delta(2,)",0.532067060470581,2.32995343208313,1.6771981716156006,0.7659907341003418,0.015966176986694336,1.2917320728302002,2.9713029861450195,0.6816768646240234,2.1828203201293945,1.4208638668060303,0.9857354164123535,0.6624810695648193,2.1599621772766113,1.6881206035614014,Not robust,Robust,Robust,Robust,Not robust,Robust,Robust,Robust,Robust,Robust,Not robust,Robust,Robust,Robust
08290047,mnist,latency,z3,5,10,"delta(1,)",781.5112414360046,3007.251224756241,333.60094571113586,1044.826379776001,1330.768952846527,506.7468967437744,2228.590621471405,2437.5866882801056,1386.251186132431,1028.953485250473,1155.6069595813751,2461.2554733753204,3039.1151785850525,1034.6710250377655,Not robust,Robust,Robust,Robust,Not robust,Robust,Robust,Robust,Robust,Robust,Not robust,Robust,Robust,Robust
06101421,mnist,latency,z3,5,10,"delta(4,)",inf,inf,inf,1417.9867746829987,407.52923583984375,409.14805150032043,231.76721692085266,258.0565667152405,320.78671431541443,240.42412424087524,inf,370.9057996273041,inf,inf,Unknown,Unknown,Unknown,Not robust,Not robust,Not robust,Not robust,Not robust,Not robust,Not robust,Unknown,Not robust,Unknown,Unknown
09021841,fmnist,latency,milp,5,18,"delta(2,)",47.6155598163605,215.8683245182037,46.0417618751526,242.557163476944,16.9682986736298,90.6611742973328,824.425276517868,170.8168954849243,552.137989282608,51.4912347793579,14.920462846756,214.7083039283752,61.8878910541534,18.455048084259,Not robust,Not robust,Robust,Robust,Not robust,Not robust,Robust,Not robust,Robust,Not robust,Not robust,Robust,Robust,Not robust
09121502,fmnist,latency,milp,5,18,"delta(3,)",267.9851641654968,2486.374383211136,417746.26921510696,5942.859229326248,546.4204568862915,7834.528762102127,290.7708377838135,148.6977679729462,18848.10684466362,5388.767606258392,297.6356422901154,464.9259333610535,154.34024310112,71.6240241527557,Not robust,Not robust,Robust,Robust,Not robust,Not robust,Robust,Not robust,Robust,Not robust,Not robust,Robust,Robust,Not robust
07250939,mnist,latency,z3,5,10,"delta(2,)",2970.873771905899,18844.308702230453,3608.4795656204224,2790.168260574341,2162.7789924144745,2898.1088812351227,7312.074365377426,6006.1494908332825,5388.55739068985,4812.567799329758,1805.9865839481354,3953.192147731781,8839.34629702568,3263.2684214115143,Not robust,Robust,Robust,Robust,Not robust,Robust,Robust,Robust,Robust,Robust,Not robust,Not robust,Robust,Robust
08141002,mnist,latency,np,8,20,"delta(1,)",0.16901063919067383,0.17389440536499023,0.16402101516723633,0.16898798942565918,0.053882598876953125,0.0011966228485107422,0.17367982864379883,0.08168244361877441,0.000997304916381836,0.00090789794921875,0.0012583732604980469,0.0009701251983642578,0.17373871803283691,0.03714752197265625,Not robust,Robust,Robust,Robust,Not robust,Not robust,Robust,Not robust,Not robust,Not robust,Not robust,Not robust,Robust,Not robust
10171958,mnist,latency,milp,5,16,"delta(1,)",0.9402551651001,0.9834060668945,0.7756931781769,0.9079959392548,1.3212587833405,1.0176093578339,0.9809737205505,1.3727626800537,0.8883829116821,1.2672524452209,1.2369318008423,1.0519208908081,0.8749938011169,1.7102408409119,Robust,Robust,Robust,Robust,Robust,Robust,Robust,Robust,Robust,Robust,Robust,Not robust,Not robust,Robust
09021833,mnist,latency,milp,5,18,"delta(1,)",0.5302324295044,0.9133665561676,0.6272239685059,0.5030586719513,0.5206470489502,0.6458189487457,0.9950177669525,0.5864233970642,0.8615899085999,0.640811920166,0.9825847148895,0.4820823669434,0.5587737560272,0.8316099643707,Robust,Robust,Robust,Robust,Robust,Robust,Robust,Robust,Robust,Robust,Robust,Robust,Robust,Robust
08310157,mnist,latency,milp,5,10,"delta(3,)",133.4646739959717,1426.5342812538147,113.4253942966461,177.6901965141296,inf,210.0197839736938,inf,268.1965048313141,inf,77.7488162517548,288.2804071903229,143.2508132457733,1046.6324036121368,131.9449806213379,Not robust,Not robust,Robust,Robust,Unknown,Robust,Unknown,Robust,Unknown,Not robust,Not robust,Not robust,Robust,Robust
08121101,mnist,latency,np,5,12,"delta(1,)",0.1657695770263672,0.16242718696594238,0.1555652618408203,0.1597902774810791,0.0012273788452148438,0.15285372734069824,0.16229605674743652,0.0007703304290771484,0.15674066543579102,0.0011494159698486328,0.16261029243469238,0.15351176261901855,0.15935492515563965,0.16584229469299316,Robust,Robust,Robust,Robust,Not robust,Robust,Robust,Not robust,Robust,Not robust,Robust,Robust,Robust,Robust
06111956,mnist,latency,z3,5,10,"delta(2,)",849.8132185935974,7335.308362960815,3931.8440136909485,2720.577938079834,5177.043311595917,734.2384855747223,4845.097979784012,5317.491207361221,6425.9891946315765,1214.2439608573914,4441.745648860931,2237.444905757904,1658.6352226734161,2536.4635705947876,Not robust,Robust,Robust,Robust,Robust,Not robust,Robust,Robust,Robust,Not robust,Robust,Robust,Not robust,Robust
01191432,mnist,latency,np-psm,5,10,"delta(2,)",0.01389169692993164,37.25422382354736,28.36868691444397,23.479945182800293,0.0016927719116210938,28.579671382904053,36.078063011169434,23.797749757766724,34.873982191085815,29.678635120391846,0.016481399536132812,1.9528634548187256,96.41823554039001,31.11084771156311,Not robust,Robust,Robust,Robust,Not robust,Robust,Robust,Robust,Robust,Robust,Not robust,Not robust,Robust,Robust
08121048,fmnist,latency,np,5,18,"delta(1,)",0.0011229515075683594,0.0013973712921142578,0.1708509922027588,0.17337679862976074,0.0010766983032226562,0.0012896060943603516,0.16271495819091797,0.24036359786987305,0.18786263465881348,0.00033736228942871094,0.0011572837829589844,0.22161459922790527,0.1657695770263672,0.0012743473052978516,Not robust,Not robust,Robust,Robust,Not robust,Not robust,Robust,Robust,Robust,Not robust,Not robust,Robust,Robust,Not robust
06090805,mnist,latency,z3,5,10,"delta(1,)",784.1897735595703,2877.9538192749023,540.9146673679352,4552.80047750473,1173.9306643009186,2965.235820055008,475.97594022750854,3488.9775772094727,5406.120427131653,2581.1762368679047,6131.073867321014,597.0609028339386,1957.496765613556,1190.774382352829,Robust,Robust,Robust,Not robust,Not robust,Not robust,Not robust,Not robust,Not robust,Not robust,Robust,Not robust,Robust,Robust
10172000,mnist,latency,milp,5,16,"delta(1,)",0.9580647945404,0.989248752594,0.7895307540894,0.9150483608246,1.3207485675812,1.0184876918793,0.9691886901855,1.3750956058502,0.8946752548218,1.2761604785919,1.2452049255371,1.0789656639099,0.886522769928,1.7152740955353,Robust,Robust,Robust,Robust,Robust,Robust,Robust,Robust,Robust,Robust,Robust,Not robust,Not robust,Robust
01180714,mnist,latency,np-psm,5,10,"delta(3,)",inf,5371.084408044815,inf,18277.520446777344,inf,29364.51727437973,inf,inf,inf,inf,inf,5.270390033721924,39634.626440286636,inf,Unknown,Not robust,Unknown,Robust,Unknown,Robust,Unknown,Unknown,Unknown,Unknown,Unknown,Not robust,Robust,Unknown
06111956,mnist,latency,z3,5,10,"delta(3,)",5773.9320414066315,384487.22405314445,376532.95958018303,66141.13371658325,2486.3907809257507,238457.20306253433,inf,inf,inf,6917.168084859848,1889.0549356937408,4427.941438913345,407217.1520717144,340574.36063170433,Not robust,Not robust,Robust,Robust,Not robust,Robust,Unknown,Unknown,Unknown,Not robust,Not robust,Not robust,Robust,Robust
10171954,mnist,latency,milp,5,18,"delta(1,)",2.3556845188141,2.9530804157257,1.0083231925964,0.8646342754364,0.8469696044922,0.8868725299835,1.6506876945496,0.897828578949,1.267035484314,1.1879448890686,1.2821135520935,0.8733816146851,0.8570654392242,1.8108017444611,Robust,Robust,Robust,Robust,Robust,Robust,Robust,Robust,Robust,Robust,Robust,Robust,Robust,Robust
08101431,fmnist,baseline,z3,5,20,"delta(1,)",inf,inf,inf,inf,73233.73530888557,inf,inf,inf,inf,inf,inf,inf,inf,inf,Unknown,Unknown,Unknown,Unknown,Not robust,Unknown,Unknown,Unknown,Unknown,Unknown,Unknown,Unknown,Unknown,Unknown
08141337,mnist,latency,np,256,256,"delta(2,)",713.382374048233,1075.6971867084503,885.6177725791931,732.8624687194824,1058.7688217163086,1171.8537199497223,609.2768595218658,806.2971794605255,892.2759826183319,891.4472377300262,968.6626119613647,748.7969121932983,1043.2129046916962,1064.988745689392,Robust,Robust,Robust,Robust,Robust,Robust,Not robust,Robust,Robust,Robust,Robust,Robust,Robust,Robust
08120955,fmnist,latency,z3,8,20,"delta(1,)",171850.38908195496,209820.7685060501,210318.55336523056,231431.1399614811,129784.30312418938,242889.99405241013,224249.62211728096,165922.00248885155,218068.1716954708,350086.8679077625,205914.89426589012,173800.76706695557,203795.3425602913,217833.55507469177,Not robust,Not robust,Robust,Robust,Not robust,Robust,Robust,Not robust,Not robust,Not robust,Not robust,Robust,Robust,Not robust
08290048,fmnist,latency,z3,5,10,"delta(1,)",804.1882464885712,2124.012244462967,264.3577013015747,1158.2693526744843,1440.0951826572418,278.36955881118774,301.9585666656494,645.6443965435028,2420.6214394569397,1951.9425711631775,3527.4969086647034,281.7429325580597,684.3391432762146,946.784332036972,Not robust,Not robust,Not robust,Robust,Not robust,Not robust,Not robust,Not robust,Not robust,Not robust,Robust,Not robust,Robust,Not robust
06131502,mnist,baseline,z3,5,16,"delta(1,)",inf,inf,inf,inf,34827.05404281616,inf,54249.306111097336,inf,inf,59789.67890095711,inf,inf,29636.909126996994,inf,Unknown,Unknown,Unknown,Unknown,Not robust,Unknown,Not robust,Unknown,Unknown,Not robust,Unknown,Unknown,Not robust,Unknown
08141744,mnist,latency,np,64,512,"delta(1,)",4.536091089248657,1.58603835105896,5.9586427211761475,2.111050605773926,1.269554615020752,3.282864570617676,2.4562323093414307,3.0775039196014404,3.3813934326171875,3.1872141361236572,2.81866717338562,3.911881685256958,0.030270814895629883,2.472738027572632,Robust,Not robust,Robust,Robust,Robust,Robust,Robust,Robust,Not robust,Robust,Robust,Robust,Not robust,Robust
06112259,mnist,baseline,z3,5,20,"delta(1,)",inf,43710.76174426079,52364.08387327194,43589.13450527191,51849.795306921005,52171.84709525108,42988.436712026596,44319.03783369064,inf,38484.10595583916,50390.13312339783,37981.07683134079,37909.8698656559,60248.29201555252,Unknown,Not robust,Not robust,Not robust,Not robust,Not robust,Not robust,Not robust,Unknown,Not robust,Not robust,Not robust,Not robust,Not robust
06071307,mnist,baseline,z3,5,10,"delta(1,)",10607.922706365585,8880.069851875305,1375.3693134784698,2938.2484867572784,2717.2101361751556,2585.4571125507355,4431.990648508072,890.7327148914337,3257.464718103409,3730.681371450424,6582.764571905136,1461.683779001236,1018.4256348609924,720.2169048786163,Not robust,Not robust,Not robust,Not robust,Not robust,Not robust,Not robust,Not robust,Not robust,Not robust,Not robust,Not robust,Not robust,Not robust
08141231,fmnist,latency,z3,5,20,"delta(1,)",10157.657908201218,5369.769214630127,17457.064218997955,19133.82722902298,13577.577548265457,16281.376543045044,8356.11511516571,1829.609189748764,12911.756421804428,3528.8847720623016,19390.542144536972,13449.965780496597,16831.79797053337,4242.078104496002,Robust,Not robust,Robust,Robust,Not robust,Not robust,Robust,Not robust,Not robust,Not robust,Not robust,Not robust,Robust,Not robust
10142024,mnist,latency,milp,7,20,"delta(1,)",4.0678994655609,4.4489870071411,1.3087708950043,2.5032877922058,2.3543267250061,2.2828080654144,2.0274469852448,5.3360018730164,2.1199719905853,2.6447956562042,2.9259698390961,3.6120355129242,1.126659154892,3.1872129440308,Robust,Robust,Robust,Robust,Robust,Robust,Not robust,Robust,Robust,Robust,Robust,Robust,Robust,Robust
09121844,mnist,latency,milp,5,20,"delta(3,)",835.6527400016785,633.5865502357483,1676.9188442230225,2572.1572194099426,6055.328743934631,1599.9226486682892,115.0737683773041,6660.002722740173,8480.049938201904,307.7725720405579,1352.726331949234,3138.020843267441,11394.018786907196,9648.63439321518,Robust,Robust,Robust,Not robust,Robust,Robust,Not robust,Robust,Robust,Not robust,Robust,Not robust,Robust,Robust
08141411,mnist,latency,np,256,384,"delta(1,)",4.655305624008179,6.026515960693359,3.6750829219818115,5.046955823898315,2.6171491146087646,4.562237501144409,0.003280162811279297,4.680720090866089,3.653500556945801,3.792189121246338,4.021402835845947,3.497711658477783,6.466817378997803,6.1046881675720215,Robust,Robust,Robust,Robust,Robust,Robust,Not robust,Robust,Robust,Robust,Robust,Robust,Robust,Robust
09020345,fmnist,latency,milp,5,16,"delta(3,)",1344.290472984314,664.9147808551788,5228.964319944382,1081.7017986774445,4330.958844900131,14452.998621940613,1223.7859766483307,28.5844051837921,9201.797070264816,807.376966714859,10355.300975084305,1636.4313724040985,575.6769499778748,2318.178163766861,Robust,Not robust,Not robust,Robust,Not robust,Not robust,Robust,Not robust,Not robust,Not robust,Not robust,Robust,Robust,Not robust
10172007,mnist,latency,milp,7,20,"delta(1,)",4.0454542636871,4.4310734272003,1.3133912086487,2.5000839233398,2.3618760108948,2.2709283828735,2.0139515399933,5.276771068573,2.1254279613495,2.6416356563568,2.8555347919464,3.6076121330261,1.1408941745758,3.1778433322906,Robust,Robust,Robust,Robust,Robust,Robust,Not robust,Robust,Robust,Robust,Robust,Robust,Robust,Robust
09121700,mnist,latency,milp,5,20,"delta(1,)",1.5192449092865,1.312620639801,0.9768178462982,1.2629771232605,1.0751459598541,1.0912744998932,1.1982183456421,1.6739192008972,1.776269197464,1.0227162837982,1.8264005184174,0.9702379703522,1.2556836605072,2.4465930461884,Robust,Robust,Robust,Not robust,Robust,Robust,Not robust,Robust,Robust,Robust,Robust,Robust,Robust,Robust
08121117,fmnist,latency,np,8,20,"delta(1,)",0.014475822448730469,0.14655470848083496,0.21960735321044922,0.1834709644317627,0.0011458396911621094,0.22264361381530762,0.20484042167663574,0.0018458366394042969,0.06988239288330078,0.03437376022338867,0.0012516975402832031,0.2312614917755127,0.18726158142089844,0.0014138221740722656,Not robust,Not robust,Robust,Robust,Not robust,Robust,Robust,Not robust,Not robust,Not robust,Not robust,Robust,Robust,Not robust
01162309,mnist,latency,np-psm,64,512,"delta(2,)",790.3006789684296,0.15758085250854492,29.139933109283447,976.3353183269501,605.8242630958557,562.6614711284637,653.1911752223969,937.2204892635345,0.23723173141479492,798.0991513729095,570.0739061832428,561.401359796524,0.0039212703704833984,758.3039398193359,Robust,Not robust,Robust,Robust,Robust,Robust,Robust,Robust,Not robust,Robust,Robust,Robust,Not robust,Robust
08121119,fmnist,latency,np,5,20,"delta(1,)",0.1854565143585205,0.03559064865112305,0.17392873764038086,0.16979265213012695,0.0012249946594238281,0.0012886524200439453,0.16297268867492676,0.0010721683502197266,0.04196739196777344,0.001409769058227539,0.0015044212341308594,0.001245737075805664,0.16820168495178223,0.0010464191436767578,Robust,Not robust,Robust,Robust,Not robust,Not robust,Robust,Not robust,Not robust,Not robust,Not robust,Not robust,Robust,Not robust
08310555,mnist,latency,milp,5,12,"delta(3,)",19.342845916748,201.8538823127747,1864.1056697368622,1009.8371064662933,14.3943710327148,106.4501349925995,88.2830698490143,19538.62888932228,10.23801445961,445.0395593643188,2074.7035863399506,23.303343296051,812.6600887775421,15.970311164856,Robust,Robust,Robust,Not robust,Not robust,Not robust,Robust,Not robust,Not robust,Not robust,Robust,Robust,Not robust,Not robust
08310512,fmnist,latency,milp,5,12,"delta(1,)",5.2708334922791,4.122350692749,2.392849445343,1.3037011623383,5.0142374038696,8.1587138175964,1.8308620452881,12.4126102924347,2.7818846702576,4.3032548427582,2.3882155418396,12.4429507255554,1.7866291999817,2.5164995193481,Not robust,Not robust,Robust,Robust,Not robust,Robust,Robust,Robust,Robust,Not robust,Not robust,Robust,Robust,Not robust
08121246,mnist,latency,np,256,512,"delta(1,)",24.065593481063843,25.625917434692383,17.346406936645508,23.506776094436646,29.22845458984375,16.553302764892578,29.7972252368927,23.985424280166626,31.664265155792236,15.793320417404175,25.086424112319946,20.638317823410034,25.19895362854004,20.872156381607056,Robust,Robust,Robust,Robust,Robust,Robust,Robust,Robust,Robust,Robust,Robust,Robust,Robust,Robust
08121048,fmnist,latency,np,5,14,"delta(1,)",0.0009903907775878906,0.0010933876037597656,0.17251873016357422,0.1698603630065918,0.0010058879852294922,0.001562356948852539,0.16346335411071777,0.00139617919921875,0.18697857856750488,0.0009746551513671875,0.0009596347808837891,0.21596789360046387,0.16759014129638672,0.0009355545043945312,Not robust,Not robust,Robust,Robust,Not robust,Not robust,Robust,Not robust,Robust,Not robust,Not robust,Robust,Robust,Not robust
08110738,fmnist,baseline,z3,6,20,"delta(1,)",inf,inf,inf,inf,inf,inf,inf,inf,inf,inf,inf,inf,inf,inf,Unknown,Unknown,Unknown,Unknown,Unknown,Unknown,Unknown,Unknown,Unknown,Unknown,Unknown,Unknown,Unknown,Unknown
08141442,mnist,latency,np,256,384,"delta(2,)",1261.2954828739166,2083.3887462615967,1270.1734936237335,1847.1809170246124,1026.8904662132263,1964.9357533454895,0.01344609260559082,1238.7390134334564,1371.687688589096,1450.4252009391785,1334.0582101345062,1309.4930975437164,1911.0564131736755,1591.4699161052704,Robust,Robust,Robust,Robust,Robust,Robust,Not robust,Robust,Robust,Robust,Robust,Robust,Robust,Robust
06130704,mnist,latency,z3,5,16,"delta(1,)",15673.949728250504,18289.631128787994,905.8695006370544,15628.572525501251,17281.009723186493,15006.757269859314,981.3826267719269,6816.532527208328,19615.49568605423,881.9302608966827,11232.928394794464,20885.596031188965,11691.392390012741,11460.499078512192,Robust,Robust,Robust,Robust,Robust,Robust,Robust,Robust,Robust,Robust,Robust,Not robust,Not robust,Robust
08152154,fmnist,latency,z3,5,14,"delta(1,)",2745.7561826705933,15049.135482788086,2974.443621635437,9144.835705518723,2414.81276512146,3484.3568058013916,11371.254893302917,6506.836717128754,1203.83771443367,1229.4222702980042,7410.5940990448,12202.66994690895,2992.3667047023773,4521.785943508148,Robust,Not robust,Robust,Robust,Robust,Not robust,Robust,Robust,Not robust,Robust,Not robust,Robust,Robust,Not robust
08310513,mnist,latency,milp,5,12,"delta(2,)",12.2976851463318,10.130268573761,15.7596023082733,9.9048342704773,7.1372604370117,13.61066365242,6.3779680728912,8.0818901062012,11.0886783599854,28.1044673919678,74.3549199104309,77.1024940013885,10.11550116539,11.519807100296,Robust,Robust,Robust,Robust,Not robust,Robust,Robust,Not robust,Not robust,Not robust,Robust,Robust,Not robust,Robust
10171953,mnist,latency,milp,5,18,"delta(1,)",2.4125652313232,2.8842594623566,1.0474548339844,0.8473782539368,0.844794511795,0.9091753959656,1.6500253677368,0.8968274593353,1.2543592453003,1.1904032230377,1.2874486446381,0.8748090267181,0.8516085147858,1.7665629386902,Robust,Robust,Robust,Robust,Robust,Robust,Robust,Robust,Robust,Robust,Robust,Robust,Robust,Robust
09011527,mnist,latency,milp,5,16,"delta(2,)",25.5772185325623,87.6653497219086,22.4018063545227,63.6717174053192,46.3147885799408,204.9365553855896,9.3464028835297,428.7718915939331,272.2164933681488,469.4345548152924,34.1072268486023,89.6155343055725,314.4656021595001,47.0518546104431,Robust,Robust,Robust,Robust,Robust,Robust,Robust,Not robust,Robust,Robust,Robust,Not robust,Not robust,Robust
10172001,mnist,latency,milp,8,20,"delta(1,)",2.73970246315,2.9721484184265,1.3893713951111,1.3049359321594,1.2362334728241,1.4466147422791,2.2360804080963,1.3228123188019,1.6511180400848,1.4772388935089,1.820529460907,1.0826570987701,1.1294732093811,1.609522819519,Robust,Not robust,Robust,Robust,Robust,Robust,Not robust,Robust,Robust,Robust,Robust,Robust,Not robust,Robust
10171441,fmnist,latency,milp,5,20,"delta(1,)",11.9097368717194,21.5352532863617,20.8141233921051,4.0706746578217,6.7442715167999,15.3306465148926,1.9986310005188,16.7232127189636,4.6990332603455,1.3884961605072,4.5531868934631,24.7115466594696,2.6582562923431,9.6267676353455,Robust,Not robust,Robust,Robust,Not robust,Not robust,Robust,Not robust,Not robust,Not robust,Not robust,Not robust,Robust,Not robust
